epoch,train_loss,train_seg,train_profile,train_trace,ramp,val_loss,val_iou,val_dice,val_precision,val_recall,lr,seconds,val_iou_noise_low,val_iou_noise_mid,val_iou_noise_high
1,0.53685,0.53685,0.00000,0.00000,0.00,0.50643,0.2107,0.3480,0.2143,0.9265,1.09e-05,211,0.2272,0.2032,0.1558
2,0.50332,0.50332,0.00000,0.00000,0.00,0.48135,0.3610,0.5305,0.3757,0.9023,2.08e-05,178,0.3761,0.3555,0.2923
3,0.48444,0.48444,0.00000,0.00000,0.00,0.46523,0.4208,0.5923,0.4372,0.9183,3.07e-05,121,0.4355,0.4158,0.3512
4,0.46897,0.46897,0.00000,0.00000,0.00,0.45097,0.4872,0.6552,0.5044,0.9346,4.06e-05,115,0.5005,0.4823,0.4236
5,0.45668,0.45668,0.00000,0.00000,0.00,0.43951,0.5515,0.7110,0.5715,0.9405,5.05e-05,115,0.5620,0.5496,0.4893
6,0.44611,0.44611,0.00000,0.00000,0.00,0.42972,0.5966,0.7474,0.6199,0.9407,6.04e-05,130,0.6085,0.5914,0.5430
7,0.43572,0.43572,0.00000,0.00000,0.00,0.41987,0.6203,0.7657,0.6463,0.9391,7.03e-05,164,0.6316,0.6162,0.5636
8,0.42518,0.42518,0.00000,0.00000,0.00,0.40821,0.6251,0.7693,0.6469,0.9487,8.02e-05,170,0.6310,0.6229,0.5937
9,0.41353,0.41353,0.00000,0.00000,0.00,0.39476,0.6606,0.7956,0.6875,0.9440,9.01e-05,162,0.6681,0.6591,0.6141
10,0.39873,0.39873,0.00000,0.00000,0.00,0.37892,0.6842,0.8125,0.7100,0.9496,1.00e-04,110,0.6894,0.6839,0.6475
11,0.38499,0.38499,0.00000,0.00000,0.05,0.36548,0.6856,0.8135,0.7126,0.9476,1.00e-04,111,0.6904,0.6854,0.6508
12,0.36974,0.36974,0.00000,0.00000,0.10,0.35084,0.6967,0.8213,0.7270,0.9436,1.00e-04,91,0.7024,0.6948,0.6655
13,0.35450,0.35450,0.00000,0.00000,0.15,0.33420,0.7213,0.8381,0.7529,0.9449,9.99e-05,68,0.7281,0.7179,0.6901
14,0.33956,0.33956,0.00000,0.00000,0.20,0.31867,0.7410,0.8512,0.7789,0.9384,9.99e-05,63,0.7476,0.7388,0.7054
15,0.32509,0.32509,0.00000,0.00000,0.25,0.30558,0.7367,0.8484,0.7746,0.9377,9.98e-05,63,0.7435,0.7337,0.7032
16,0.31051,0.31051,0.00000,0.00000,0.30,0.29167,0.7464,0.8548,0.7913,0.9293,9.98e-05,63,0.7530,0.7443,0.7097
17,0.29508,0.29508,0.00000,0.00000,0.35,0.27325,0.7680,0.8688,0.8063,0.9417,9.97e-05,63,0.7766,0.7636,0.7300
18,0.28051,0.28051,0.00000,0.00000,0.40,0.26209,0.7688,0.8693,0.8176,0.9279,9.96e-05,63,0.7752,0.7650,0.7427
19,0.26823,0.26823,0.00000,0.00000,0.45,0.24598,0.7798,0.8763,0.8192,0.9419,9.94e-05,63,0.7871,0.7758,0.7493
20,0.25361,0.25361,0.00000,0.00000,0.50,0.23281,0.8001,0.8889,0.8496,0.9321,9.93e-05,63,0.8098,0.7946,0.7607
21,0.24295,0.24295,0.00000,0.00000,0.55,0.22888,0.7666,0.8679,0.8203,0.9213,9.92e-05,63,0.7738,0.7647,0.7248
22,0.23147,0.23147,0.00000,0.00000,0.60,0.21137,0.7983,0.8878,0.8491,0.9303,9.90e-05,63,0.8080,0.7924,0.7613
23,0.21824,0.21824,0.00000,0.00000,0.65,0.20233,0.7940,0.8852,0.8457,0.9286,9.89e-05,63,0.8012,0.7911,0.7578
24,0.21088,0.21088,0.00000,0.00000,0.70,0.19015,0.8117,0.8960,0.8657,0.9286,9.87e-05,63,0.8181,0.8090,0.7788
25,0.20002,0.20002,0.00000,0.00000,0.75,0.18174,0.8139,0.8974,0.8732,0.9231,9.85e-05,63,0.8221,0.8097,0.7785
26,0.19129,0.19129,0.00000,0.00000,0.80,0.17358,0.8118,0.8961,0.8639,0.9308,9.83e-05,63,0.8190,0.8079,0.7816
27,0.18338,0.18338,0.00000,0.00000,0.85,0.16607,0.8160,0.8987,0.8723,0.9267,9.80e-05,63,0.8240,0.8125,0.7771
28,0.17326,0.17326,0.00000,0.00000,0.90,0.15772,0.8188,0.9004,0.8699,0.9331,9.78e-05,63,0.8264,0.8158,0.7801
29,0.16714,0.16714,0.00000,0.00000,0.95,0.15476,0.8148,0.8980,0.8800,0.9167,9.76e-05,63,0.8224,0.8109,0.7821
30,0.16203,0.16203,0.00000,0.00000,1.00,0.14417,0.8305,0.9074,0.8917,0.9236,9.73e-05,63,0.8388,0.8250,0.8007
31,0.15292,0.15292,0.00000,0.00000,1.00,0.13846,0.8297,0.9069,0.8852,0.9297,9.70e-05,63,0.8385,0.8232,0.8022
32,0.14716,0.14716,0.00000,0.00000,1.00,0.13321,0.8372,0.9114,0.9072,0.9156,9.67e-05,63,0.8445,0.8330,0.8071
33,0.14157,0.14157,0.00000,0.00000,1.00,0.12822,0.8357,0.9105,0.9005,0.9208,9.64e-05,63,0.8419,0.8326,0.8075
34,0.13759,0.13759,0.00000,0.00000,1.00,0.12658,0.8289,0.9065,0.8985,0.9145,9.61e-05,63,0.8360,0.8252,0.7976
35,0.13218,0.13218,0.00000,0.00000,1.00,0.11868,0.8391,0.9125,0.8989,0.9265,9.58e-05,63,0.8476,0.8338,0.8072
36,0.12691,0.12691,0.00000,0.00000,1.00,0.11632,0.8345,0.9098,0.8922,0.9281,9.55e-05,63,0.8419,0.8290,0.8113
37,0.12525,0.12525,0.00000,0.00000,1.00,0.11495,0.8335,0.9092,0.9081,0.9103,9.51e-05,63,0.8395,0.8299,0.8099
38,0.12138,0.12138,0.00000,0.00000,1.00,0.11523,0.8228,0.9028,0.8948,0.9110,9.47e-05,63,0.8298,0.8168,0.8066
39,0.11726,0.11726,0.00000,0.00000,1.00,0.10617,0.8375,0.9116,0.8908,0.9333,9.44e-05,63,0.8445,0.8343,0.8044
40,0.11386,0.11386,0.00000,0.00000,1.00,0.10243,0.8450,0.9160,0.9134,0.9186,9.40e-05,63,0.8528,0.8408,0.8108
41,0.10853,0.10853,0.00000,0.00000,1.00,0.09844,0.8483,0.9179,0.9134,0.9225,9.36e-05,63,0.8557,0.8446,0.8159
42,0.10777,0.10777,0.00000,0.00000,1.00,0.09826,0.8421,0.9143,0.9086,0.9200,9.32e-05,63,0.8494,0.8374,0.8156
43,0.10643,0.10643,0.00000,0.00000,1.00,0.09599,0.8432,0.9150,0.9082,0.9218,9.27e-05,63,0.8499,0.8403,0.8110
44,0.10229,0.10229,0.00000,0.00000,1.00,0.09270,0.8461,0.9166,0.9108,0.9224,9.23e-05,63,0.8528,0.8417,0.8221
