epoch,train_loss,train_seg,train_profile,train_trace,ramp,val_loss,val_iou,val_dice,val_precision,val_recall,lr,seconds,val_iou_en_echelon,val_iou_horsetail,val_iou_negative_flower,val_iou_positive_flower,val_iou_listric_assemblage,val_iou_intersecting_conjugate
1,0.58487,0.58487,0.00000,0.00000,0.00,0.57769,0.0992,0.1805,0.1012,0.8324,1.09e-05,46,0.0764,0.0847,0.0876,0.0831,0.0481,0.2383
2,0.57478,0.57478,0.00000,0.00000,0.00,0.56892,0.1501,0.2610,0.1544,0.8451,2.08e-05,39,0.1334,0.1509,0.1461,0.1427,0.0633,0.2906
3,0.56756,0.56756,0.00000,0.00000,0.00,0.56273,0.1723,0.2939,0.1770,0.8657,3.07e-05,39,0.1622,0.1846,0.1804,0.1782,0.0659,0.3273
4,0.56285,0.56285,0.00000,0.00000,0.00,0.55886,0.1787,0.3032,0.1833,0.8761,4.06e-05,39,0.1692,0.1931,0.1850,0.1845,0.0676,0.3487
5,0.55890,0.55890,0.00000,0.00000,0.00,0.55656,0.1855,0.3130,0.1911,0.8647,5.05e-05,39,0.1717,0.1978,0.1975,0.1850,0.0673,0.3644
6,0.55511,0.55511,0.00000,0.00000,0.00,0.55147,0.1959,0.3276,0.2017,0.8719,6.04e-05,39,0.1859,0.2063,0.2061,0.2052,0.0697,0.3906
7,0.55037,0.55037,0.00000,0.00000,0.00,0.54598,0.1928,0.3233,0.1969,0.9036,7.03e-05,39,0.1766,0.2015,0.1906,0.1874,0.0717,0.4014
8,0.54592,0.54592,0.00000,0.00000,0.00,0.54234,0.1996,0.3328,0.2050,0.8845,8.02e-05,39,0.1901,0.2066,0.2061,0.1958,0.0713,0.4281
9,0.54083,0.54083,0.00000,0.00000,0.00,0.53676,0.2123,0.3503,0.2185,0.8816,9.01e-05,39,0.1937,0.2232,0.2207,0.2188,0.0708,0.4774
10,0.53570,0.53570,0.00000,0.00000,0.00,0.52965,0.2098,0.3469,0.2142,0.9113,1.00e-04,39,0.2048,0.2179,0.2245,0.2077,0.0748,0.5088
11,0.53011,0.53011,0.00000,0.00000,0.05,0.52321,0.2296,0.3734,0.2361,0.8925,1.00e-04,39,0.2176,0.2370,0.2421,0.2342,0.0803,0.5523
12,0.52307,0.52307,0.00000,0.00000,0.10,0.51595,0.2292,0.3729,0.2346,0.9084,1.00e-04,39,0.2228,0.2448,0.2395,0.2280,0.0816,0.5770
13,0.51750,0.51750,0.00000,0.00000,0.15,0.50918,0.2398,0.3869,0.2462,0.9022,1.00e-04,39,0.2243,0.2421,0.2542,0.2349,0.0869,0.5893
14,0.51052,0.51052,0.00000,0.00000,0.20,0.50198,0.2554,0.4068,0.2645,0.8811,1.00e-04,39,0.2483,0.2674,0.2758,0.2570,0.0863,0.6224
15,0.50284,0.50284,0.00000,0.00000,0.25,0.49250,0.2640,0.4177,0.2719,0.9006,1.00e-04,39,0.2499,0.2723,0.2779,0.2537,0.0981,0.6250
16,0.49552,0.49552,0.00000,0.00000,0.30,0.48697,0.2613,0.4143,0.2703,0.8863,1.00e-04,39,0.2507,0.2698,0.2745,0.2540,0.0943,0.6280
17,0.48909,0.48909,0.00000,0.00000,0.35,0.47865,0.2961,0.4569,0.3119,0.8534,1.00e-04,39,0.2842,0.2915,0.3283,0.3035,0.1074,0.6232
18,0.48071,0.48071,0.00000,0.00000,0.40,0.47601,0.2752,0.4316,0.2911,0.8344,1.00e-04,39,0.2504,0.2731,0.3079,0.2848,0.0936,0.6570
19,0.47278,0.47278,0.00000,0.00000,0.45,0.45883,0.3040,0.4662,0.3170,0.8811,1.00e-04,39,0.3098,0.3128,0.3333,0.3070,0.1062,0.6638
20,0.46460,0.46460,0.00000,0.00000,0.50,0.45427,0.3151,0.4791,0.3357,0.8366,1.00e-04,39,0.3065,0.3336,0.3444,0.3197,0.1135,0.6520
21,0.45722,0.45722,0.00000,0.00000,0.55,0.44249,0.3206,0.4855,0.3381,0.8606,1.00e-04,39,0.3172,0.3244,0.3520,0.3344,0.1132,0.6996
22,0.44783,0.44783,0.00000,0.00000,0.60,0.43503,0.3179,0.4824,0.3361,0.8547,1.00e-04,39,0.3259,0.3383,0.3481,0.3384,0.1203,0.6384
23,0.44178,0.44178,0.00000,0.00000,0.65,0.43323,0.3229,0.4881,0.3432,0.8448,1.00e-04,39,0.3096,0.3242,0.3449,0.3313,0.1182,0.6801
24,0.43087,0.43087,0.00000,0.00000,0.70,0.41249,0.3732,0.5435,0.4039,0.8308,1.00e-04,39,0.3972,0.3896,0.4445,0.4104,0.1280,0.7046
25,0.42496,0.42496,0.00000,0.00000,0.75,0.42291,0.3305,0.4968,0.3663,0.7719,1.00e-04,39,0.3262,0.3741,0.3398,0.3731,0.1271,0.6578
26,0.41696,0.41696,0.00000,0.00000,0.80,0.40323,0.3645,0.5343,0.3998,0.8051,1.00e-04,39,0.3688,0.4012,0.4225,0.4187,0.1281,0.7116
27,0.40900,0.40900,0.00000,0.00000,0.85,0.38815,0.3866,0.5576,0.4186,0.8349,1.00e-04,39,0.4038,0.4037,0.4495,0.4157,0.1350,0.7277
28,0.40389,0.40389,0.00000,0.00000,0.90,0.38701,0.3775,0.5481,0.4174,0.7983,1.00e-04,39,0.3979,0.4010,0.4504,0.4502,0.1283,0.7090
29,0.39520,0.39520,0.00000,0.00000,0.95,0.37575,0.3875,0.5586,0.4231,0.8216,1.00e-04,39,0.4122,0.4208,0.4663,0.4583,0.1369,0.7022
30,0.39047,0.39047,0.00000,0.00000,1.00,0.37180,0.3762,0.5467,0.4111,0.8159,1.00e-04,39,0.4099,0.4048,0.4610,0.4463,0.1263,0.7313
31,0.38237,0.38237,0.00000,0.00000,1.00,0.36665,0.3875,0.5586,0.4269,0.8078,1.00e-04,39,0.4131,0.3994,0.4524,0.4437,0.1382,0.7185
32,0.37581,0.37581,0.00000,0.00000,1.00,0.36000,0.3949,0.5662,0.4385,0.7989,1.00e-04,39,0.4376,0.4068,0.4871,0.4547,0.1279,0.7328
33,0.36922,0.36922,0.00000,0.00000,1.00,0.34937,0.4051,0.5766,0.4487,0.8066,1.00e-04,39,0.4333,0.4455,0.5056,0.4703,0.1373,0.7294
34,0.36422,0.36422,0.00000,0.00000,1.00,0.34202,0.4229,0.5944,0.4715,0.8039,1.00e-04,39,0.4617,0.4290,0.5359,0.4795,0.1424,0.7387
35,0.36025,0.36025,0.00000,0.00000,1.00,0.33832,0.4095,0.5811,0.4553,0.8030,1.00e-04,39,0.4619,0.4386,0.4930,0.4982,0.1397,0.7287
36,0.35590,0.35590,0.00000,0.00000,1.00,0.33020,0.4229,0.5944,0.4689,0.8117,1.00e-04,39,0.4781,0.4311,0.5283,0.4981,0.1483,0.7326
37,0.34708,0.34708,0.00000,0.00000,1.00,0.32756,0.4239,0.5954,0.4776,0.7904,1.00e-04,39,0.4779,0.4480,0.5347,0.5059,0.1432,0.7362
38,0.34315,0.34315,0.00000,0.00000,1.00,0.33298,0.4099,0.5815,0.4620,0.7844,1.00e-04,39,0.4602,0.4250,0.4640,0.4662,0.1388,0.7314
39,0.34478,0.34478,0.00000,0.00000,1.00,0.32367,0.4339,0.6052,0.5036,0.7582,1.00e-04,39,0.4810,0.4340,0.5293,0.5119,0.1390,0.7495
40,0.33657,0.33657,0.00000,0.00000,1.00,0.31624,0.4327,0.6040,0.4850,0.8005,1.00e-04,39,0.4794,0.4545,0.4964,0.5058,0.1473,0.7513
41,0.33084,0.33084,0.00000,0.00000,1.00,0.30747,0.4420,0.6130,0.5035,0.7833,1.00e-04,39,0.5152,0.4771,0.5611,0.5142,0.1460,0.7414
42,0.32873,0.32873,0.00000,0.00000,1.00,0.32112,0.4167,0.5882,0.4776,0.7655,1.00e-04,39,0.4270,0.4410,0.4958,0.4897,0.1479,0.7438
43,0.32698,0.32698,0.00000,0.00000,1.00,0.30392,0.4352,0.6065,0.4959,0.7804,1.00e-04,39,0.4988,0.4680,0.5625,0.5348,0.1409,0.7562
44,0.31879,0.31879,0.00000,0.00000,1.00,0.30863,0.4437,0.6147,0.5169,0.7580,1.00e-04,39,0.4741,0.4662,0.5185,0.4744,0.1536,0.7464
45,0.31772,0.31772,0.00000,0.00000,1.00,0.30084,0.4547,0.6252,0.5352,0.7515,1.00e-04,39,0.4797,0.4787,0.5599,0.5196,0.1491,0.7638
46,0.31560,0.31560,0.00000,0.00000,1.00,0.29460,0.4522,0.6228,0.5243,0.7668,1.00e-04,39,0.5143,0.4759,0.5892,0.5355,0.1413,0.7558
47,0.31141,0.31141,0.00000,0.00000,1.00,0.29381,0.4505,0.6212,0.5228,0.7653,1.00e-04,39,0.5055,0.4866,0.5452,0.5409,0.1456,0.7517
48,0.31197,0.31197,0.00000,0.00000,1.00,0.29107,0.4623,0.6323,0.5457,0.7515,1.00e-04,39,0.5543,0.4677,0.5761,0.5361,0.1359,0.7600
49,0.30636,0.30636,0.00000,0.00000,1.00,0.28565,0.4527,0.6233,0.5295,0.7574,1.00e-04,39,0.5439,0.4811,0.5750,0.5408,0.1460,0.7520
50,0.30377,0.30377,0.00000,0.00000,1.00,0.28769,0.4583,0.6285,0.5349,0.7619,1.00e-04,39,0.5192,0.4656,0.5637,0.5333,0.1503,0.7586
51,0.30319,0.30319,0.00000,0.00000,1.00,0.28184,0.4587,0.6290,0.5319,0.7694,1.00e-04,39,0.5301,0.4643,0.5851,0.5335,0.1560,0.7528
52,0.30126,0.30126,0.00000,0.00000,1.00,0.27869,0.4558,0.6262,0.5338,0.7572,1.00e-04,39,0.5228,0.5032,0.5828,0.5472,0.1621,0.7144
53,0.29942,0.29942,0.00000,0.00000,1.00,0.28114,0.4637,0.6336,0.5481,0.7507,1.00e-04,39,0.5261,0.4804,0.5715,0.5358,0.1470,0.7484
54,0.29790,0.29790,0.00000,0.00000,1.00,0.27900,0.4677,0.6373,0.5378,0.7819,1.00e-04,39,0.5183,0.5008,0.5382,0.5414,0.1549,0.7535
55,0.29532,0.29532,0.00000,0.00000,1.00,0.27305,0.4655,0.6353,0.5391,0.7733,1.00e-04,39,0.5265,0.4919,0.5770,0.5426,0.1632,0.7689
56,0.29298,0.29298,0.00000,0.00000,1.00,0.26876,0.4723,0.6416,0.5562,0.7580,1.00e-04,39,0.5583,0.5168,0.5928,0.5639,0.1528,0.7524
57,0.29039,0.29039,0.00000,0.00000,1.00,0.28009,0.4503,0.6210,0.5161,0.7794,1.00e-04,39,0.4900,0.4745,0.5275,0.5209,0.1607,0.7515
58,0.29143,0.29143,0.00000,0.00000,1.00,0.26571,0.4658,0.6355,0.5500,0.7526,1.00e-04,39,0.5509,0.5204,0.6075,0.5622,0.1614,0.7201
59,0.28492,0.28492,0.00000,0.00000,1.00,0.27336,0.4770,0.6459,0.5735,0.7393,1.00e-04,39,0.5251,0.4565,0.5854,0.5204,0.1598,0.7693
60,0.28317,0.28317,0.00000,0.00000,1.00,0.26645,0.4695,0.6390,0.5490,0.7642,1.00e-04,39,0.5423,0.4845,0.5747,0.5385,0.1675,0.7694
61,0.28670,0.28670,0.00000,0.00000,1.00,0.26662,0.4704,0.6399,0.5470,0.7707,1.00e-04,39,0.5396,0.4769,0.5833,0.5409,0.1647,0.7568
62,0.28480,0.28480,0.00000,0.00000,1.00,0.26166,0.4773,0.6462,0.5572,0.7690,1.00e-04,39,0.5538,0.4994,0.6002,0.5472,0.1609,0.7706
63,0.28033,0.28033,0.00000,0.00000,1.00,0.25818,0.4848,0.6530,0.5649,0.7735,1.00e-04,39,0.5616,0.5145,0.5962,0.5581,0.1652,0.7633
64,0.27920,0.27920,0.00000,0.00000,1.00,0.26630,0.4867,0.6548,0.5913,0.7335,1.00e-04,39,0.5515,0.5177,0.5931,0.5296,0.1436,0.7733
65,0.27756,0.27756,0.00000,0.00000,1.00,0.25847,0.4803,0.6489,0.5568,0.7776,1.00e-04,39,0.5567,0.5134,0.5967,0.5436,0.1628,0.7678
66,0.27731,0.27731,0.00000,0.00000,1.00,0.25982,0.4820,0.6505,0.5759,0.7472,1.00e-04,39,0.5671,0.4912,0.6063,0.5402,0.1625,0.7513
67,0.27769,0.27769,0.00000,0.00000,1.00,0.26160,0.4767,0.6456,0.5628,0.7569,1.00e-04,39,0.5432,0.5138,0.5709,0.5566,0.1576,0.7655
68,0.27484,0.27484,0.00000,0.00000,1.00,0.26116,0.4793,0.6480,0.5613,0.7664,1.00e-04,39,0.5337,0.5158,0.6085,0.5373,0.1550,0.7623
69,0.27171,0.27171,0.00000,0.00000,1.00,0.25497,0.4836,0.6519,0.5790,0.7458,1.00e-04,39,0.5828,0.5084,0.6129,0.5598,0.1534,0.7732
70,0.27227,0.27227,0.00000,0.00000,1.00,0.25472,0.4901,0.6578,0.5739,0.7704,1.00e-04,39,0.5511,0.5238,0.5974,0.5528,0.1647,0.7608
71,0.27318,0.27318,0.00000,0.00000,1.00,0.25694,0.4816,0.6501,0.5702,0.7561,1.00e-04,39,0.5504,0.5404,0.6256,0.5627,0.1409,0.7756
72,0.27325,0.27325,0.00000,0.00000,1.00,0.25364,0.4958,0.6630,0.5907,0.7554,1.00e-04,39,0.5642,0.5199,0.5861,0.5712,0.1630,0.7608
73,0.26839,0.26839,0.00000,0.00000,1.00,0.25224,0.4924,0.6599,0.5828,0.7605,1.00e-04,39,0.5604,0.5157,0.6166,0.5671,0.1614,0.7738
74,0.27103,0.27103,0.00000,0.00000,1.00,0.25901,0.4809,0.6495,0.5728,0.7499,1.00e-04,39,0.5294,0.5085,0.5664,0.5412,0.1677,0.7747
75,0.26414,0.26414,0.00000,0.00000,1.00,0.24969,0.4968,0.6638,0.5942,0.7521,1.00e-04,39,0.5891,0.5216,0.6113,0.5595,0.1629,0.7704
76,0.26611,0.26611,0.00000,0.00000,1.00,0.25463,0.4871,0.6551,0.5836,0.7466,1.00e-04,39,0.5329,0.5006,0.5842,0.5474,0.1742,0.7724
77,0.26589,0.26589,0.00000,0.00000,1.00,0.24755,0.4948,0.6620,0.5859,0.7608,1.00e-04,39,0.5655,0.5405,0.6167,0.5558,0.1665,0.7734
78,0.26405,0.26405,0.00000,0.00000,1.00,0.24854,0.5030,0.6693,0.5907,0.7721,1.00e-04,39,0.5798,0.5288,0.6093,0.5614,0.1609,0.7781
79,0.26193,0.26193,0.00000,0.00000,1.00,0.24721,0.5071,0.6730,0.6086,0.7525,1.00e-04,39,0.5621,0.5314,0.6043,0.5635,0.1702,0.7789
80,0.26448,0.26448,0.00000,0.00000,1.00,0.24961,0.5006,0.6672,0.5893,0.7687,1.00e-04,39,0.5663,0.5312,0.5978,0.5681,0.1606,0.7687
81,0.26232,0.26232,0.00000,0.00000,1.00,0.25384,0.4953,0.6625,0.5990,0.7409,1.00e-04,39,0.5798,0.5387,0.5942,0.5685,0.1389,0.7791
82,0.26255,0.26255,0.00000,0.00000,1.00,0.24665,0.5057,0.6717,0.6009,0.7615,1.00e-04,39,0.5880,0.5205,0.6161,0.5608,0.1623,0.7781
83,0.25646,0.25646,0.00000,0.00000,1.00,0.24853,0.5029,0.6692,0.6031,0.7517,1.00e-04,39,0.5725,0.5126,0.6040,0.5582,0.1618,0.7792
84,0.25983,0.25983,0.00000,0.00000,1.00,0.23450,0.5208,0.6849,0.6147,0.7731,1.00e-04,39,0.6030,0.5374,0.6327,0.5726,0.1886,0.7776
85,0.25749,0.25749,0.00000,0.00000,1.00,0.24257,0.5073,0.6731,0.6039,0.7603,1.00e-04,39,0.5841,0.5549,0.6226,0.5584,0.1665,0.7823
86,0.26055,0.26055,0.00000,0.00000,1.00,0.24111,0.5032,0.6695,0.5869,0.7791,1.00e-04,39,0.5901,0.5329,0.6217,0.5629,0.1735,0.7773
87,0.25808,0.25808,0.00000,0.00000,1.00,0.24655,0.5029,0.6693,0.5877,0.7770,1.00e-04,39,0.5933,0.5107,0.5863,0.5669,0.1676,0.7696
88,0.25573,0.25573,0.00000,0.00000,1.00,0.23566,0.5131,0.6782,0.6040,0.7733,1.00e-04,39,0.5983,0.5518,0.6359,0.5612,0.1777,0.7799
89,0.25184,0.25184,0.00000,0.00000,1.00,0.23301,0.5114,0.6768,0.6063,0.7657,1.00e-04,39,0.6131,0.5696,0.6358,0.5908,0.1779,0.7676
90,0.25434,0.25434,0.00000,0.00000,1.00,0.25452,0.4873,0.6552,0.5847,0.7452,1.00e-04,39,0.5174,0.5336,0.5709,0.5162,0.1719,0.7752
91,0.25249,0.25249,0.00000,0.00000,1.00,0.24891,0.5009,0.6674,0.5857,0.7757,1.00e-04,39,0.5601,0.5353,0.5998,0.5277,0.1648,0.7786
92,0.25499,0.25499,0.00000,0.00000,1.00,0.24519,0.4989,0.6657,0.5901,0.7636,1.00e-04,39,0.5591,0.5282,0.6002,0.5535,0.1718,0.7760
93,0.25542,0.25542,0.00000,0.00000,1.00,0.23922,0.5088,0.6745,0.5999,0.7702,1.00e-04,39,0.5952,0.5603,0.6277,0.5706,0.1653,0.7737
94,0.25137,0.25137,0.00000,0.00000,1.00,0.23430,0.5078,0.6736,0.5854,0.7930,1.00e-04,39,0.6081,0.5453,0.6209,0.5653,0.1829,0.7755
95,0.25030,0.25030,0.00000,0.00000,1.00,0.24924,0.4936,0.6610,0.5815,0.7656,1.00e-04,39,0.5324,0.5298,0.5241,0.5708,0.1844,0.7754
96,0.24925,0.24925,0.00000,0.00000,1.00,0.25152,0.4951,0.6623,0.6026,0.7352,1.00e-04,39,0.5506,0.5339,0.6062,0.5484,0.1518,0.7834
97,0.25033,0.25033,0.00000,0.00000,1.00,0.23449,0.5191,0.6834,0.6227,0.7573,1.00e-04,39,0.6050,0.5580,0.6364,0.5799,0.1749,0.7783
98,0.25048,0.25048,0.00000,0.00000,1.00,0.23865,0.5058,0.6718,0.5891,0.7815,1.00e-04,39,0.5903,0.5750,0.6413,0.5631,0.1608,0.7824
99,0.24852,0.24852,0.00000,0.00000,1.00,0.23999,0.5183,0.6827,0.6201,0.7595,1.00e-04,39,0.5506,0.5442,0.6209,0.5738,0.1782,0.7802
100,0.24184,0.24184,0.00000,0.00000,1.00,0.23059,0.5296,0.6925,0.6326,0.7648,5.00e-05,39,0.6140,0.5586,0.6564,0.5826,0.1749,0.7863
101,0.23489,0.23489,0.00000,0.00000,1.00,0.22792,0.5307,0.6934,0.6313,0.7691,5.00e-05,39,0.6226,0.5582,0.6540,0.5740,0.1834,0.7881
102,0.23482,0.23482,0.00000,0.00000,1.00,0.23244,0.5312,0.6938,0.6369,0.7620,5.00e-05,39,0.5830,0.5445,0.6437,0.5712,0.1876,0.7913
103,0.23585,0.23585,0.00000,0.00000,1.00,0.22061,0.5451,0.7056,0.6413,0.7843,5.00e-05,39,0.6393,0.5956,0.6709,0.5959,0.1895,0.7909
104,0.23082,0.23082,0.00000,0.00000,1.00,0.22825,0.5420,0.7029,0.6513,0.7635,5.00e-05,39,0.6223,0.5856,0.6517,0.5592,0.1809,0.7894
105,0.23460,0.23460,0.00000,0.00000,1.00,0.23498,0.5313,0.6939,0.6416,0.7555,5.00e-05,39,0.6082,0.5607,0.6534,0.5671,0.1661,0.7903
106,0.23508,0.23508,0.00000,0.00000,1.00,0.22666,0.5418,0.7028,0.6533,0.7606,5.00e-05,39,0.6288,0.5869,0.6642,0.5934,0.1741,0.7919
107,0.23166,0.23166,0.00000,0.00000,1.00,0.22979,0.5378,0.6994,0.6476,0.7602,5.00e-05,39,0.6028,0.5563,0.6550,0.5828,0.1806,0.7931
108,0.22799,0.22799,0.00000,0.00000,1.00,0.21986,0.5517,0.7111,0.6584,0.7729,5.00e-05,39,0.6279,0.5948,0.6561,0.5960,0.1967,0.7918
109,0.23220,0.23220,0.00000,0.00000,1.00,0.22026,0.5468,0.7070,0.6501,0.7749,5.00e-05,39,0.6259,0.5881,0.6566,0.6011,0.1973,0.7917
110,0.22930,0.22930,0.00000,0.00000,1.00,0.22416,0.5389,0.7004,0.6412,0.7716,5.00e-05,39,0.6197,0.5904,0.6428,0.5714,0.1931,0.7920
111,0.23019,0.23019,0.00000,0.00000,1.00,0.23229,0.5303,0.6931,0.6296,0.7708,5.00e-05,39,0.6027,0.5517,0.6241,0.5701,0.1855,0.7856
112,0.23010,0.23010,0.00000,0.00000,1.00,0.22283,0.5476,0.7076,0.6558,0.7685,5.00e-05,39,0.6316,0.5957,0.6631,0.5869,0.1859,0.7928
113,0.22641,0.22641,0.00000,0.00000,1.00,0.21931,0.5527,0.7120,0.6626,0.7693,5.00e-05,39,0.6372,0.6126,0.6595,0.6198,0.1864,0.7932
114,0.22892,0.22892,0.00000,0.00000,1.00,0.22352,0.5470,0.7072,0.6566,0.7662,5.00e-05,39,0.6333,0.5728,0.6666,0.6072,0.1821,0.7929
115,0.22570,0.22570,0.00000,0.00000,1.00,0.22963,0.5406,0.7018,0.6582,0.7516,5.00e-05,39,0.6045,0.5628,0.6487,0.5820,0.1818,0.7929
116,0.23058,0.23058,0.00000,0.00000,1.00,0.22598,0.5421,0.7031,0.6464,0.7706,5.00e-05,39,0.6201,0.5880,0.6725,0.5996,0.1726,0.7929
117,0.22847,0.22847,0.00000,0.00000,1.00,0.22409,0.5458,0.7061,0.6602,0.7589,5.00e-05,39,0.6207,0.5850,0.6647,0.5958,0.1827,0.7931
118,0.22388,0.22388,0.00000,0.00000,1.00,0.22256,0.5438,0.7045,0.6447,0.7765,5.00e-05,39,0.6350,0.6023,0.6717,0.5896,0.1805,0.7931
119,0.22714,0.22714,0.00000,0.00000,1.00,0.22400,0.5400,0.7013,0.6346,0.7836,5.00e-05,39,0.6077,0.5890,0.6390,0.5846,0.1948,0.7916
120,0.22679,0.22679,0.00000,0.00000,1.00,0.21994,0.5507,0.7103,0.6579,0.7717,5.00e-05,39,0.6459,0.5827,0.6819,0.5929,0.1845,0.7954
121,0.22491,0.22491,0.00000,0.00000,1.00,0.22871,0.5398,0.7011,0.6465,0.7658,5.00e-05,39,0.6285,0.5482,0.6022,0.5624,0.1955,0.7847
122,0.22544,0.22544,0.00000,0.00000,1.00,0.22105,0.5483,0.7083,0.6592,0.7652,5.00e-05,39,0.6249,0.5755,0.6605,0.6000,0.1926,0.7924
123,0.22708,0.22708,0.00000,0.00000,1.00,0.21959,0.5497,0.7094,0.6663,0.7584,5.00e-05,39,0.6420,0.5992,0.6711,0.5979,0.1878,0.7923
124,0.21975,0.21975,0.00000,0.00000,1.00,0.21550,0.5641,0.7213,0.6753,0.7741,2.50e-05,39,0.6697,0.5950,0.6777,0.6113,0.1893,0.7948
125,0.22010,0.22010,0.00000,0.00000,1.00,0.21569,0.5597,0.7177,0.6680,0.7754,2.50e-05,39,0.6457,0.6024,0.6839,0.6102,0.1921,0.7978
126,0.21800,0.21800,0.00000,0.00000,1.00,0.21175,0.5663,0.7231,0.6707,0.7843,2.50e-05,39,0.6568,0.6185,0.6759,0.6180,0.2010,0.7939
127,0.21623,0.21623,0.00000,0.00000,1.00,0.21255,0.5676,0.7242,0.6774,0.7779,2.50e-05,39,0.6640,0.6104,0.6812,0.6129,0.1975,0.7984
128,0.21392,0.21392,0.00000,0.00000,1.00,0.21423,0.5600,0.7179,0.6650,0.7801,2.50e-05,39,0.6452,0.6230,0.6752,0.6136,0.1957,0.7981
129,0.21659,0.21659,0.00000,0.00000,1.00,0.21391,0.5659,0.7228,0.6785,0.7732,2.50e-05,39,0.6636,0.5898,0.6820,0.6085,0.1971,0.7988
130,0.21321,0.21321,0.00000,0.00000,1.00,0.21437,0.5636,0.7209,0.6745,0.7742,2.50e-05,39,0.6679,0.6165,0.6836,0.6173,0.1868,0.7960
131,0.21313,0.21313,0.00000,0.00000,1.00,0.21369,0.5656,0.7226,0.6767,0.7751,2.50e-05,39,0.6504,0.6108,0.6772,0.6114,0.1971,0.7970
132,0.21453,0.21453,0.00000,0.00000,1.00,0.21065,0.5702,0.7263,0.6804,0.7788,2.50e-05,39,0.6680,0.6133,0.6860,0.6093,0.2009,0.7958
133,0.21518,0.21518,0.00000,0.00000,1.00,0.21636,0.5602,0.7181,0.6669,0.7779,2.50e-05,39,0.6307,0.5969,0.6726,0.6058,0.1983,0.7975
134,0.21282,0.21282,0.00000,0.00000,1.00,0.21575,0.5633,0.7206,0.6806,0.7657,2.50e-05,39,0.6713,0.6145,0.6825,0.6179,0.1826,0.7985
135,0.21595,0.21595,0.00000,0.00000,1.00,0.21402,0.5687,0.7251,0.6849,0.7702,2.50e-05,39,0.6644,0.6269,0.6759,0.6201,0.1886,0.7990
136,0.21421,0.21421,0.00000,0.00000,1.00,0.21173,0.5649,0.7219,0.6718,0.7802,2.50e-05,39,0.6653,0.6204,0.6790,0.6137,0.1989,0.7966
137,0.21275,0.21275,0.00000,0.00000,1.00,0.21656,0.5622,0.7198,0.6736,0.7727,2.50e-05,39,0.6637,0.6245,0.6826,0.6187,0.1775,0.7988
138,0.21263,0.21263,0.00000,0.00000,1.00,0.21508,0.5636,0.7209,0.6721,0.7774,2.50e-05,39,0.6543,0.6223,0.6749,0.6138,0.1893,0.7966
139,0.21150,0.21150,0.00000,0.00000,1.00,0.21479,0.5676,0.7242,0.6830,0.7706,2.50e-05,39,0.6532,0.6106,0.6770,0.6050,0.1939,0.7983
140,0.21131,0.21131,0.00000,0.00000,1.00,0.21743,0.5650,0.7221,0.6841,0.7645,2.50e-05,39,0.6528,0.6090,0.6812,0.5939,0.1853,0.7992
141,0.21161,0.21161,0.00000,0.00000,1.00,0.21758,0.5611,0.7188,0.6755,0.7681,2.50e-05,39,0.6500,0.6143,0.6728,0.6087,0.1844,0.7964
142,0.21126,0.21126,0.00000,0.00000,1.00,0.21485,0.5648,0.7218,0.6814,0.7674,2.50e-05,39,0.6737,0.6188,0.6868,0.6057,0.1835,0.7972
143,0.21018,0.21018,0.00000,0.00000,1.00,0.21194,0.5710,0.7269,0.6868,0.7719,1.25e-05,39,0.6739,0.6272,0.6845,0.6202,0.1900,0.8004
144,0.20734,0.20734,0.00000,0.00000,1.00,0.21299,0.5729,0.7284,0.6915,0.7695,1.25e-05,39,0.6675,0.6279,0.6904,0.6185,0.1864,0.8001
145,0.20699,0.20699,0.00000,0.00000,1.00,0.21151,0.5721,0.7278,0.6877,0.7729,1.25e-05,39,0.6667,0.6285,0.6894,0.6209,0.1928,0.7988
146,0.20806,0.20806,0.00000,0.00000,1.00,0.21361,0.5724,0.7280,0.6959,0.7633,1.25e-05,39,0.6685,0.6206,0.6880,0.6185,0.1861,0.7981
147,0.20668,0.20668,0.00000,0.00000,1.00,0.21495,0.5663,0.7231,0.6803,0.7717,1.25e-05,39,0.6633,0.6202,0.6929,0.6177,0.1828,0.8000
148,0.20687,0.20687,0.00000,0.00000,1.00,0.21372,0.5701,0.7262,0.6839,0.7741,1.25e-05,39,0.6673,0.6164,0.6943,0.6131,0.1869,0.7990
149,0.20591,0.20591,0.00000,0.00000,1.00,0.21045,0.5701,0.7262,0.6791,0.7802,1.25e-05,39,0.6755,0.6256,0.6837,0.6267,0.1931,0.8002
150,0.20715,0.20715,0.00000,0.00000,1.00,0.21280,0.5740,0.7294,0.6949,0.7674,1.25e-05,39,0.6636,0.6221,0.6903,0.6198,0.1906,0.8009
151,0.20670,0.20670,0.00000,0.00000,1.00,0.21083,0.5745,0.7298,0.6901,0.7743,1.25e-05,39,0.6783,0.6389,0.6827,0.6229,0.1915,0.8000
152,0.20675,0.20675,0.00000,0.00000,1.00,0.21352,0.5722,0.7279,0.6881,0.7726,1.25e-05,39,0.6686,0.6292,0.6922,0.6211,0.1837,0.8004
153,0.20458,0.20458,0.00000,0.00000,1.00,0.20978,0.5740,0.7293,0.6821,0.7836,1.25e-05,39,0.6702,0.6381,0.6851,0.6276,0.1963,0.7995
154,0.20433,0.20433,0.00000,0.00000,1.00,0.21025,0.5754,0.7305,0.6885,0.7780,1.25e-05,39,0.6770,0.6331,0.6935,0.6264,0.1915,0.7994
155,0.20492,0.20492,0.00000,0.00000,1.00,0.21299,0.5714,0.7273,0.6884,0.7708,1.25e-05,39,0.6658,0.6403,0.6903,0.6209,0.1853,0.8007
156,0.20365,0.20365,0.00000,0.00000,1.00,0.21179,0.5733,0.7288,0.6868,0.7762,1.25e-05,39,0.6722,0.6327,0.6923,0.6267,0.1877,0.7995
157,0.20416,0.20416,0.00000,0.00000,1.00,0.21204,0.5741,0.7295,0.6939,0.7689,1.25e-05,39,0.6719,0.6169,0.6856,0.6242,0.1917,0.8002
158,0.20572,0.20572,0.00000,0.00000,1.00,0.21202,0.5711,0.7270,0.6820,0.7785,1.25e-05,39,0.6724,0.6302,0.6935,0.6258,0.1870,0.7990
159,0.20214,0.20214,0.00000,0.00000,1.00,0.21318,0.5728,0.7283,0.6873,0.7746,1.25e-05,39,0.6513,0.6152,0.6895,0.6182,0.1937,0.7999
160,0.20331,0.20331,0.00000,0.00000,1.00,0.21289,0.5715,0.7273,0.6855,0.7745,1.25e-05,39,0.6618,0.6213,0.6959,0.6191,0.1881,0.8005
161,0.20253,0.20253,0.00000,0.00000,1.00,0.21335,0.5711,0.7270,0.6867,0.7723,1.25e-05,39,0.6647,0.6193,0.6944,0.6138,0.1894,0.8006
162,0.20262,0.20262,0.00000,0.00000,1.00,0.21223,0.5747,0.7299,0.6931,0.7707,1.25e-05,39,0.6718,0.6265,0.6876,0.6282,0.1875,0.7998
163,0.20299,0.20299,0.00000,0.00000,1.00,0.21426,0.5745,0.7297,0.6973,0.7654,1.25e-05,39,0.6583,0.6171,0.6960,0.6165,0.1854,0.8003
164,0.20256,0.20256,0.00000,0.00000,1.00,0.21128,0.5757,0.7307,0.6918,0.7742,6.25e-06,39,0.6756,0.6328,0.6966,0.6264,0.1874,0.8001
165,0.20257,0.20257,0.00000,0.00000,1.00,0.20943,0.5794,0.7337,0.6990,0.7720,6.25e-06,39,0.6770,0.6325,0.6932,0.6287,0.1939,0.8006
166,0.20056,0.20056,0.00000,0.00000,1.00,0.20904,0.5761,0.7310,0.6864,0.7818,6.25e-06,39,0.6787,0.6358,0.6975,0.6329,0.1917,0.8009
167,0.20272,0.20272,0.00000,0.00000,1.00,0.21061,0.5778,0.7324,0.6982,0.7701,6.25e-06,39,0.6731,0.6356,0.6953,0.6300,0.1894,0.8013
168,0.20201,0.20201,0.00000,0.00000,1.00,0.20990,0.5773,0.7320,0.6932,0.7755,6.25e-06,39,0.6743,0.6293,0.6978,0.6318,0.1914,0.8013
169,0.20109,0.20109,0.00000,0.00000,1.00,0.21289,0.5746,0.7298,0.6940,0.7695,6.25e-06,39,0.6612,0.6160,0.6984,0.6247,0.1891,0.8011
170,0.20208,0.20208,0.00000,0.00000,1.00,0.21162,0.5757,0.7307,0.6912,0.7750,6.25e-06,39,0.6653,0.6316,0.6944,0.6253,0.1898,0.8010
171,0.19871,0.19871,0.00000,0.00000,1.00,0.21077,0.5784,0.7329,0.6978,0.7718,6.25e-06,39,0.6700,0.6276,0.6942,0.6250,0.1923,0.8012
172,0.20021,0.20021,0.00000,0.00000,1.00,0.21185,0.5769,0.7317,0.6972,0.7698,6.25e-06,39,0.6729,0.6304,0.6974,0.6272,0.1864,0.8012
173,0.19939,0.19939,0.00000,0.00000,1.00,0.20903,0.5806,0.7346,0.6972,0.7763,6.25e-06,39,0.6739,0.6348,0.6923,0.6285,0.1950,0.8011
174,0.20037,0.20037,0.00000,0.00000,1.00,0.20986,0.5810,0.7350,0.7031,0.7699,6.25e-06,39,0.6762,0.6395,0.6939,0.6321,0.1903,0.8018
175,0.19998,0.19998,0.00000,0.00000,1.00,0.20979,0.5793,0.7336,0.6953,0.7763,6.25e-06,39,0.6789,0.6427,0.6951,0.6269,0.1909,0.8020
176,0.20055,0.20055,0.00000,0.00000,1.00,0.20960,0.5785,0.7330,0.6955,0.7748,6.25e-06,39,0.6783,0.6386,0.6980,0.6279,0.1909,0.8015
177,0.20028,0.20028,0.00000,0.00000,1.00,0.21113,0.5798,0.7340,0.7027,0.7682,6.25e-06,39,0.6736,0.6329,0.6999,0.6258,0.1874,0.8015
178,0.20089,0.20089,0.00000,0.00000,1.00,0.20834,0.5789,0.7333,0.6920,0.7798,6.25e-06,39,0.6759,0.6453,0.6960,0.6295,0.1941,0.8009
179,0.19976,0.19976,0.00000,0.00000,1.00,0.20818,0.5796,0.7338,0.6937,0.7789,6.25e-06,39,0.6774,0.6372,0.6978,0.6308,0.1948,0.8015
180,0.20011,0.20011,0.00000,0.00000,1.00,0.20971,0.5800,0.7342,0.6983,0.7739,6.25e-06,39,0.6698,0.6293,0.6982,0.6279,0.1938,0.8017
181,0.19962,0.19962,0.00000,0.00000,1.00,0.20921,0.5796,0.7339,0.6959,0.7762,6.25e-06,39,0.6734,0.6374,0.6966,0.6296,0.1937,0.8018
182,0.19927,0.19927,0.00000,0.00000,1.00,0.20974,0.5773,0.7320,0.6919,0.7770,6.25e-06,39,0.6708,0.6346,0.7001,0.6263,0.1924,0.8016
183,0.19954,0.19954,0.00000,0.00000,1.00,0.20956,0.5790,0.7334,0.6979,0.7727,6.25e-06,39,0.6756,0.6412,0.6946,0.6254,0.1922,0.8016
184,0.20049,0.20049,0.00000,0.00000,1.00,0.21066,0.5786,0.7330,0.6958,0.7745,6.25e-06,39,0.6713,0.6343,0.6981,0.6233,0.1902,0.8019
185,0.19909,0.19909,0.00000,0.00000,1.00,0.20982,0.5793,0.7336,0.6961,0.7754,6.25e-06,39,0.6685,0.6381,0.6944,0.6284,0.1932,0.8017
186,0.19912,0.19912,0.00000,0.00000,1.00,0.20914,0.5803,0.7344,0.6984,0.7743,6.25e-06,39,0.6736,0.6367,0.6966,0.6287,0.1947,0.8021
187,0.20010,0.20010,0.00000,0.00000,1.00,0.20823,0.5817,0.7356,0.6968,0.7789,6.25e-06,39,0.6770,0.6416,0.6972,0.6294,0.1954,0.8014
188,0.19883,0.19883,0.00000,0.00000,1.00,0.20965,0.5804,0.7345,0.7001,0.7724,6.25e-06,39,0.6719,0.6356,0.6969,0.6282,0.1927,0.8013
189,0.19627,0.19627,0.00000,0.00000,1.00,0.20878,0.5797,0.7340,0.6946,0.7781,6.25e-06,39,0.6750,0.6313,0.6969,0.6261,0.1964,0.8010
190,0.19989,0.19989,0.00000,0.00000,1.00,0.21001,0.5791,0.7335,0.6964,0.7746,3.13e-06,39,0.6737,0.6298,0.6995,0.6248,0.1917,0.8016
191,0.20006,0.20006,0.00000,0.00000,1.00,0.20976,0.5788,0.7332,0.6958,0.7749,3.13e-06,39,0.6726,0.6355,0.6990,0.6289,0.1917,0.8015
192,0.19945,0.19945,0.00000,0.00000,1.00,0.20807,0.5803,0.7344,0.6946,0.7792,3.13e-06,39,0.6732,0.6432,0.6967,0.6319,0.1952,0.8014
193,0.19958,0.19958,0.00000,0.00000,1.00,0.20777,0.5812,0.7352,0.6965,0.7784,3.13e-06,39,0.6756,0.6437,0.6971,0.6310,0.1962,0.8015
194,0.19930,0.19930,0.00000,0.00000,1.00,0.20875,0.5803,0.7344,0.6947,0.7789,3.13e-06,39,0.6760,0.6442,0.6982,0.6299,0.1924,0.8016
195,0.19878,0.19878,0.00000,0.00000,1.00,0.20816,0.5799,0.7341,0.6922,0.7813,3.13e-06,39,0.6774,0.6432,0.6977,0.6287,0.1949,0.8014
196,0.19921,0.19921,0.00000,0.00000,1.00,0.20844,0.5818,0.7356,0.6992,0.7760,3.13e-06,39,0.6728,0.6440,0.6977,0.6292,0.1948,0.8019
197,0.19828,0.19828,0.00000,0.00000,1.00,0.20946,0.5807,0.7347,0.6983,0.7751,3.13e-06,39,0.6735,0.6330,0.7001,0.6292,0.1927,0.8022
198,0.19722,0.19722,0.00000,0.00000,1.00,0.20880,0.5820,0.7357,0.7024,0.7724,3.13e-06,39,0.6740,0.6376,0.6974,0.6316,0.1940,0.8020
199,0.19984,0.19984,0.00000,0.00000,1.00,0.20948,0.5806,0.7347,0.6982,0.7752,3.13e-06,39,0.6697,0.6409,0.6966,0.6265,0.1933,0.8018
200,0.19825,0.19825,0.00000,0.00000,1.00,0.20972,0.5811,0.7350,0.7009,0.7727,3.13e-06,39,0.6782,0.6374,0.6991,0.6282,0.1899,0.8020
201,0.19876,0.19876,0.00000,0.00000,1.00,0.20838,0.5821,0.7359,0.7006,0.7749,3.13e-06,39,0.6736,0.6434,0.6968,0.6296,0.1950,0.8019
202,0.19883,0.19883,0.00000,0.00000,1.00,0.20831,0.5814,0.7353,0.6975,0.7775,3.13e-06,39,0.6768,0.6410,0.6991,0.6307,0.1941,0.8017
203,0.20001,0.20001,0.00000,0.00000,1.00,0.20951,0.5807,0.7348,0.6978,0.7758,3.13e-06,39,0.6682,0.6385,0.6981,0.6257,0.1946,0.8018
204,0.19763,0.19763,0.00000,0.00000,1.00,0.20860,0.5820,0.7357,0.6994,0.7761,1.56e-06,39,0.6742,0.6380,0.6998,0.6277,0.1953,0.8019
205,0.19536,0.19536,0.00000,0.00000,1.00,0.20856,0.5812,0.7351,0.6972,0.7774,1.56e-06,39,0.6749,0.6395,0.6984,0.6292,0.1947,0.8019
206,0.19801,0.19801,0.00000,0.00000,1.00,0.20853,0.5823,0.7360,0.7011,0.7746,1.56e-06,39,0.6778,0.6423,0.6989,0.6298,0.1930,0.8019
207,0.19789,0.19789,0.00000,0.00000,1.00,0.20923,0.5818,0.7356,0.7011,0.7737,1.56e-06,39,0.6730,0.6376,0.6993,0.6281,0.1932,0.8020
208,0.19702,0.19702,0.00000,0.00000,1.00,0.20873,0.5822,0.7360,0.7003,0.7755,1.56e-06,39,0.6759,0.6392,0.6995,0.6283,0.1938,0.8020
209,0.19714,0.19714,0.00000,0.00000,1.00,0.20856,0.5821,0.7358,0.6995,0.7762,1.56e-06,39,0.6775,0.6415,0.6982,0.6302,0.1934,0.8018
210,0.19711,0.19711,0.00000,0.00000,1.00,0.20905,0.5818,0.7356,0.6998,0.7753,1.56e-06,39,0.6758,0.6385,0.6990,0.6291,0.1926,0.8020
211,0.19584,0.19584,0.00000,0.00000,1.00,0.20897,0.5818,0.7356,0.6998,0.7753,1.56e-06,39,0.6730,0.6358,0.7000,0.6273,0.1942,0.8019
212,0.19653,0.19653,0.00000,0.00000,1.00,0.20937,0.5818,0.7356,0.7012,0.7736,1.56e-06,39,0.6735,0.6392,0.6994,0.6279,0.1925,0.8021
213,0.19795,0.19795,0.00000,0.00000,1.00,0.21000,0.5816,0.7354,0.7016,0.7727,1.56e-06,39,0.6686,0.6338,0.6984,0.6252,0.1931,0.8022
214,0.19583,0.19583,0.00000,0.00000,1.00,0.20918,0.5821,0.7358,0.7007,0.7746,7.81e-07,39,0.6728,0.6367,0.6993,0.6281,0.1935,0.8021
215,0.19483,0.19483,0.00000,0.00000,1.00,0.20911,0.5819,0.7357,0.7003,0.7749,7.81e-07,39,0.6745,0.6383,0.6995,0.6286,0.1928,0.8021
216,0.19771,0.19771,0.00000,0.00000,1.00,0.20942,0.5823,0.7360,0.7023,0.7731,7.81e-07,39,0.6771,0.6366,0.7006,0.6283,0.1911,0.8021
217,0.19718,0.19718,0.00000,0.00000,1.00,0.20909,0.5825,0.7362,0.7018,0.7741,7.81e-07,39,0.6753,0.6386,0.7001,0.6293,0.1922,0.8021
218,0.19630,0.19630,0.00000,0.00000,1.00,0.20964,0.5827,0.7363,0.7032,0.7727,7.81e-07,39,0.6749,0.6394,0.7003,0.6282,0.1906,0.8023
219,0.19735,0.19735,0.00000,0.00000,1.00,0.20962,0.5824,0.7361,0.7025,0.7732,7.81e-07,39,0.6724,0.6379,0.7000,0.6280,0.1916,0.8024
220,0.19748,0.19748,0.00000,0.00000,1.00,0.20923,0.5822,0.7359,0.7008,0.7748,7.81e-07,39,0.6741,0.6385,0.7001,0.6295,0.1921,0.8024
221,0.19517,0.19517,0.00000,0.00000,1.00,0.20934,0.5823,0.7360,0.7017,0.7738,7.81e-07,39,0.6747,0.6384,0.7002,0.6296,0.1914,0.8024
222,0.19605,0.19605,0.00000,0.00000,1.00,0.20912,0.5830,0.7366,0.7031,0.7734,7.81e-07,39,0.6757,0.6385,0.6998,0.6304,0.1917,0.8024
223,0.19693,0.19693,0.00000,0.00000,1.00,0.20913,0.5830,0.7365,0.7031,0.7734,7.81e-07,39,0.6755,0.6401,0.6995,0.6303,0.1915,0.8024
