run,history,data,history_rows,last_epoch,configured_epochs,best_recorded_val_iou,best_val_epoch,best_val_precision,best_val_recall,model,parameters_recorded,protocol_hash,metric_source,test_json_status
runs/compact_maxvit_smoke_20260916,runs/compact_maxvit_smoke_20260916/log.csv,data/dataset_reproduction_v2,2,2.0,200,0.049474806460923,2,0.054405552187670674,0.35312848272568065,compact_maxvit3d,9489043,4caf323f71699d3195906146d8af908023d1ebf48f6070521a3d39a317105570,val_iou from CSV; checkpoint selection may instead use val_loss,absent
runs/compact_maxvit_v2_m0_20260916,runs/compact_maxvit_v2_m0_20260916/log.csv,data/dataset_reproduction_v2,54,54.0,200,0.7903451389451088,53,0.8928248063511683,0.8731874698800469,compact_maxvit3d,9489043,4caf323f71699d3195906146d8af908023d1ebf48f6070521a3d39a317105570,val_iou from CSV; checkpoint selection may instead use val_loss,absent
runs/maxvit3d_dbvit_ddp,runs/maxvit3d_dbvit_ddp/log.csv,data/dataset_reproduction_v2,88,88.0,200,0.7579,88,0.8708,0.854,dbvit,7867925,4caf323f71699d3195906146d8af908023d1ebf48f6070521a3d39a317105570,val_iou from CSV; checkpoint selection may instead use val_loss,absent
runs/maxvit3d_dbvit_frs_ddp,runs/maxvit3d_dbvit_frs_ddp/log.csv,data/dataset_reproduction_v2,14,14.0,200,0.5989,14,0.7405,0.758,dbvit,7895637,4caf323f71699d3195906146d8af908023d1ebf48f6070521a3d39a317105570,val_iou from CSV; checkpoint selection may instead use val_loss,absent
runs/maxvit3d_dbvit_legacy_ddp,runs/maxvit3d_dbvit_legacy_ddp/log.csv,legacy dataset (overrides args.data; see training loader),65,65.0,200,0.441,63,0.5512,0.6882,dbvit,7867925,legacy:split_manifest.json:seed2026,val_iou from CSV; checkpoint selection may instead use val_loss,absent
runs/maxvit3d_dyn_ddp,runs/maxvit3d_dyn_ddp/log.csv,data/dataset_reproduction_v2,11,11.0,200,0.4302,11,0.4602,0.8683,maxvit3d_dyn,40180204,4caf323f71699d3195906146d8af908023d1ebf48f6070521a3d39a317105570,val_iou from CSV; checkpoint selection may instead use val_loss,absent
runs/maxvit3d_full_oldrecipe_ddp,runs/maxvit3d_full_oldrecipe_ddp/log.csv,data/dataset_reproduction_v2,141,141.0,200,0.8131,138,0.8967,0.8971,maxvit3d_d2s,40233171,4caf323f71699d3195906146d8af908023d1ebf48f6070521a3d39a317105570,val_iou from CSV; checkpoint selection may instead use val_loss,unverified provenance; do not treat as in-domain automatically
runs/maxvit3d_legacy_maxvit_pico,runs/maxvit3d_legacy_maxvit_pico/log.csv,legacy dataset (overrides args.data; see training loader),0,0,1000,,,,,maxvit3d,9787949,legacy:split_manifest.json:seed2026,val_iou from CSV; checkpoint selection may instead use val_loss,absent
runs/maxvit3d_legacy_unet_lg_xl,runs/maxvit3d_legacy_unet_lg_xl/log.csv,legacy dataset (overrides args.data; see training loader),5,5.0,1000,0.2083,5,0.2146,0.8768,unet_maxvit3d,39042873,legacy:split_manifest.json:seed2026,val_iou from CSV; checkpoint selection may instead use val_loss,absent
runs/maxvit3d_par_maxvit_pico,runs/maxvit3d_par_maxvit_pico/log.csv,legacy dataset (overrides args.data; see training loader),10,10.0,1000,0.1991,10,0.2075,0.832,maxvit3d,9787949,legacy:split_manifest.json:seed2026,val_iou from CSV; checkpoint selection may instead use val_loss,absent
runs/maxvit3d_par_maxvit_tiny,runs/maxvit3d_par_maxvit_tiny/log.csv,legacy dataset (overrides args.data; see training loader),227,227.0,1000,0.6012,222,0.7311,0.7718,maxvit3d,40164233,legacy:split_manifest.json:seed2026,val_iou from CSV; checkpoint selection may instead use val_loss,unverified provenance; do not treat as in-domain automatically
runs/maxvit3d_par_unet_b30,runs/maxvit3d_par_unet_b30/log.csv,legacy dataset (overrides args.data; see training loader),238,238.0,1000,0.558,237,0.6837,0.7522,unet3d,4920451,legacy:split_manifest.json:seed2026,val_iou from CSV; checkpoint selection may instead use val_loss,unverified provenance; do not treat as in-domain automatically
runs/maxvit3d_par_unet_lg_b30,runs/maxvit3d_par_unet_lg_b30/log.csv,legacy dataset (overrides args.data; see training loader),223,223.0,1000,0.583,222,0.7031,0.7734,unet_maxvit3d,6098751,legacy:split_manifest.json:seed2026,val_iou from CSV; checkpoint selection may instead use val_loss,unverified provenance; do not treat as in-domain automatically
runs/maxvit3d_sweep_b16,runs/maxvit3d_sweep_b16/log.csv,legacy dataset (overrides args.data; see training loader),10,10.0,10,0.2054,10,0.2108,0.8893,unet3d,1399857,legacy:split_manifest.json:seed2026,val_iou from CSV; checkpoint selection may instead use val_loss,absent
runs/maxvit3d_sweep_b32,runs/maxvit3d_sweep_b32/log.csv,legacy dataset (overrides args.data; see training loader),10,10.0,10,0.2171,10,0.2223,0.9027,unet3d,5598305,legacy:split_manifest.json:seed2026,val_iou from CSV; checkpoint selection may instead use val_loss,absent
runs/maxvit3d_sweep_b42,runs/maxvit3d_sweep_b42/log.csv,legacy dataset (overrides args.data; see training loader),3,3.0,10,0.1686,3,0.1726,0.8793,unet3d,9643495,legacy:split_manifest.json:seed2026,val_iou from CSV; checkpoint selection may instead use val_loss,absent
runs/maxvit3d_thebe2_maxvit_tiny,runs/maxvit3d_thebe2_maxvit_tiny/log.csv,data/dataset_reproduction_v2,5,5.0,100,0.1841,5,0.2084,0.6124,maxvit3d,40164233,thebe:random-cubes:2400/epoch,val_iou from CSV; checkpoint selection may instead use val_loss,absent
runs/maxvit3d_thebe2_unet_b30_probe5,runs/maxvit3d_thebe2_unet_b30_probe5/log.csv,data/dataset_reproduction_v2,5,5.0,5,0.2075,4,0.2311,0.6703,unet3d,4920451,thebe:random-cubes:2400/epoch,val_iou from CSV; checkpoint selection may instead use val_loss,absent
runs/maxvit3d_thebe_maxvit_tiny,runs/maxvit3d_thebe_maxvit_tiny/log.csv,data/dataset_reproduction_v2,73,73.0,100,0.4197,59,0.5199,0.6852,maxvit3d,40164233,thebe:thebe_cubes:2400,val_iou from CSV; checkpoint selection may instead use val_loss,absent
runs/maxvit3d_thebe_unet_b30,runs/maxvit3d_thebe_unet_b30/log.csv,data/dataset_reproduction_v2,24,24.0,100,0.3653,17,0.4347,0.6958,unet3d,4920451,thebe:thebe_cubes:2400,val_iou from CSV; checkpoint selection may instead use val_loss,absent
runs/maxvit3d_unet_l_ddp,runs/maxvit3d_unet_l_ddp/log.csv,data/dataset_reproduction_v2,56,56.0,200,0.8219,56,0.9061,0.8985,unet3d,9643495,4caf323f71699d3195906146d8af908023d1ebf48f6070521a3d39a317105570,val_iou from CSV; checkpoint selection may instead use val_loss,unverified provenance; do not treat as in-domain automatically
runs/maxvit3d_unet_l_dicesq,runs/maxvit3d_unet_l_dicesq/log.csv,data/dataset_reproduction_v2,46,46.0,200,0.8141,44,0.8959,0.8992,unet3d,9643495,4caf323f71699d3195906146d8af908023d1ebf48f6070521a3d39a317105570,val_iou from CSV; checkpoint selection may instead use val_loss,absent
runs/maxvit3d_unet_lg_ddp,runs/maxvit3d_unet_lg_ddp/log.csv,data/dataset_reproduction_v2,36,36.0,200,0.7969,36,0.8652,0.9099,unet_maxvit3d,11938235,4caf323f71699d3195906146d8af908023d1ebf48f6070521a3d39a317105570,val_iou from CSV; checkpoint selection may instead use val_loss,absent
runs/maxvit3d_v1,runs/maxvit3d_v1/log.csv,data/dataset_v1_parts,59,59.0,60,0.4984,47,0.5201,0.9228,maxvit3d,,,val_iou from CSV; checkpoint selection may instead use val_loss,absent
runs/maxvit3d_v2,runs/maxvit3d_v2/log.csv,data/dataset_reproduction_v2,47,47.0,60,0.6533,35,0.685,0.9339,maxvit3d,,4caf323f71699d3195906146d8af908023d1ebf48f6070521a3d39a317105570,val_iou from CSV; checkpoint selection may instead use val_loss,unverified provenance; do not treat as in-domain automatically
runs/maxvit3d_v2_all3,runs/maxvit3d_v2_all3/log.csv,data/dataset_reproduction_v2,60,60.0,60,0.7102,60,0.7364,0.9523,maxvit3d,,4caf323f71699d3195906146d8af908023d1ebf48f6070521a3d39a317105570,val_iou from CSV; checkpoint selection may instead use val_loss,absent
runs/maxvit3d_v2_dp02,runs/maxvit3d_v2_dp02/log.csv,data/dataset_reproduction_v2,47,47.0,60,0.648,35,0.6759,0.9401,maxvit3d,,4caf323f71699d3195906146d8af908023d1ebf48f6070521a3d39a317105570,val_iou from CSV; checkpoint selection may instead use val_loss,absent
runs/maxvit3d_v2_frs,runs/maxvit3d_v2_frs/log.csv,data/dataset_reproduction_v2,60,60.0,60,0.7025,52,0.7333,0.9437,maxvit3d,,4caf323f71699d3195906146d8af908023d1ebf48f6070521a3d39a317105570,val_iou from CSV; checkpoint selection may instead use val_loss,absent
runs/maxvit3d_v2_n200,runs/maxvit3d_v2_n200/log.csv,data/dataset_reproduction_v2,60,60.0,60,0.4799,55,0.4998,0.9233,maxvit3d,,4caf323f71699d3195906146d8af908023d1ebf48f6070521a3d39a317105570,val_iou from CSV; checkpoint selection may instead use val_loss,absent
runs/maxvit3d_v2_n400,runs/maxvit3d_v2_n400/log.csv,data/dataset_reproduction_v2,60,60.0,60,0.5701,56,0.5931,0.9363,maxvit3d,,4caf323f71699d3195906146d8af908023d1ebf48f6070521a3d39a317105570,val_iou from CSV; checkpoint selection may instead use val_loss,absent
runs/maxvit3d_v2_oldrecipe_all3,runs/maxvit3d_v2_oldrecipe_all3/log.csv,data/dataset_reproduction_v2,200,200.0,200,0.8207,200,0.909,0.8942,maxvit3d,,4caf323f71699d3195906146d8af908023d1ebf48f6070521a3d39a317105570,val_iou from CSV; checkpoint selection may instead use val_loss,unverified provenance; do not treat as in-domain automatically
runs/maxvit3d_v2_p4,runs/maxvit3d_v2_p4/log.csv,data/dataset_reproduction_v2,60,60.0,60,0.6611,55,0.6827,0.9542,maxvit3d,,4caf323f71699d3195906146d8af908023d1ebf48f6070521a3d39a317105570,val_iou from CSV; checkpoint selection may instead use val_loss,absent
runs/maxvit3d_wu_unet_l,runs/maxvit3d_wu_unet_l/log.csv,local Wu-style synthetic dataset (overrides args.data),44,44.0,200,0.8483,41,0.9134,0.9225,unet3d,9643495,wu2019:wu2019_1000:seed2019,val_iou from CSV; checkpoint selection may instead use val_loss,absent
runs/model_upgrade_ddp_20260916/baseline,runs/model_upgrade_ddp_20260916/baseline/log.csv,data/dataset_reproduction_v2,20,20.0,20,0.8212561165325645,18,0.9093804245315255,0.8944566665701822,baseline,40164233,8255016ce917b483cda0dc3471b5e984f086b23184965082bff4cee44a632af3,val_iou from CSV; checkpoint selection may instead use val_loss,unverified provenance; do not treat as in-domain automatically
runs/model_upgrade_ddp_20260916/combined,runs/model_upgrade_ddp_20260916/combined/log.csv,data/dataset_reproduction_v2,20,20.0,20,0.8210566678266745,18,0.9073311112836357,0.8962105343734083,combined,40233171,8255016ce917b483cda0dc3471b5e984f086b23184965082bff4cee44a632af3,val_iou from CSV; checkpoint selection may instead use val_loss,unverified provenance; do not treat as in-domain automatically
runs/model_upgrade_pilot_20260916/architecture,runs/model_upgrade_pilot_20260916/architecture/log.csv,data/dataset_reproduction_v2,0,0,20,,,,,architecture,40233171,,val_iou from CSV; checkpoint selection may instead use val_loss,absent
runs/model_upgrade_pilot_20260916/baseline,runs/model_upgrade_pilot_20260916/baseline/log.csv,data/dataset_reproduction_v2,0,0,20,,,,,baseline,40164233,,val_iou from CSV; checkpoint selection may instead use val_loss,absent
runs/model_upgrade_pilot_20260916/combined,runs/model_upgrade_pilot_20260916/combined/log.csv,data/dataset_reproduction_v2,0,0,20,,,,,combined,40233171,,val_iou from CSV; checkpoint selection may instead use val_loss,absent
runs/model_upgrade_pilot_20260916/loss,runs/model_upgrade_pilot_20260916/loss/log.csv,data/dataset_reproduction_v2,0,0,20,,,,,loss,40164233,,val_iou from CSV; checkpoint selection may instead use val_loss,absent
runs/resnet3d_v1,runs/resnet3d_v1/log.csv,data/dataset_v1_parts,60,60.0,60,0.5128,52,0.5381,0.9161,resnet3d,,,val_iou from CSV; checkpoint selection may instead use val_loss,absent
runs/resnet3d_v2,runs/resnet3d_v2/log.csv,data/dataset_reproduction_v2,60,60.0,60,0.6544,60,0.689,0.9286,resnet3d,,4caf323f71699d3195906146d8af908023d1ebf48f6070521a3d39a317105570,val_iou from CSV; checkpoint selection may instead use val_loss,unverified provenance; do not treat as in-domain automatically
runs/resnet3d_v2_oldrecipe,runs/resnet3d_v2_oldrecipe/log.csv,data/dataset_reproduction_v2,200,200.0,200,0.8047,199,0.8815,0.9023,resnet3d,,4caf323f71699d3195906146d8af908023d1ebf48f6070521a3d39a317105570,val_iou from CSV; checkpoint selection may instead use val_loss,unverified provenance; do not treat as in-domain automatically
runs/thebe_spatial_v3_context_both_stopped15,runs/thebe_spatial_v3_context_both_stopped15/history.json,/hdd1/hukaixiao/projects/faultsyn3d/data/thebe_spatial_v3,15,15.0,100,0.3191049670952408,14,0.4711009742757456,0.49724578335032565,context_grid_maxvit3d,32449615,f8063803bc0db36222cad249d0a181603baa7dc74889ce5d1262999a2b889761,full_val; fast_val excluded,absent
runs/thebe_spatial_v3_dbvit,runs/thebe_spatial_v3_dbvit/history.json,/hdd1/hukaixiao/projects/faultsyn3d/data/thebe_spatial_v3,10,10.0,100,0.2465896828669001,9,0.4195336277905515,0.37429064179215044,dbvit,7867925,f8063803bc0db36222cad249d0a181603baa7dc74889ce5d1262999a2b889761,full_val; fast_val excluded,absent
runs/thebe_spatial_v3_maxvit_tiny,runs/thebe_spatial_v3_maxvit_tiny/history.json,/hdd1/hukaixiao/projects/faultsyn3d/data/thebe_spatial_v3,100,100.0,100,0.39536682127158124,47,0.6130752114402885,0.5268216858558215,maxvit3d,40164233,f8063803bc0db36222cad249d0a181603baa7dc74889ce5d1262999a2b889761,full_val; fast_val excluded,absent
runs/thebe_spatial_v3_mv2d_tiny_ad,runs/thebe_spatial_v3_mv2d_tiny_ad/history.json,/hdd1/hukaixiao/projects/faultsyn3d/data/thebe_spatial_v3,24,24.0,100,0.37740265471217366,16,0.4974327548205198,0.6099911990453755,maxvit2d_adapter3d,15027081,f8063803bc0db36222cad249d0a181603baa7dc74889ce5d1262999a2b889761,full_val; fast_val excluded,absent
runs/thebe_spatial_v3_unet_l,runs/thebe_spatial_v3_unet_l/history.json,/hdd1/hukaixiao/projects/faultsyn3d/data/thebe_spatial_v3,100,100.0,100,0.3762896080284827,47,0.5939206503868906,0.5066367013442927,unet3d,9643495,f8063803bc0db36222cad249d0a181603baa7dc74889ce5d1262999a2b889761,full_val; fast_val excluded,absent
runs/thebe_spatial_v3_unet_l_smoke,runs/thebe_spatial_v3_unet_l_smoke/history.json,/hdd1/hukaixiao/projects/faultsyn3d/data/thebe_spatial_v3,1,1.0,100,,,,,unspecified,9643495,f8063803bc0db36222cad249d0a181603baa7dc74889ce5d1262999a2b889761,full_val; fast_val excluded,absent
runs/thebe_spatial_v3_unet_l_trial,runs/thebe_spatial_v3_unet_l_trial/history.json,/hdd1/hukaixiao/projects/faultsyn3d/data/thebe_spatial_v3,30,30.0,100,0.34916154811484273,30,0.5333762651936207,0.5027261030747676,unspecified,9643495,f8063803bc0db36222cad249d0a181603baa7dc74889ce5d1262999a2b889761,full_val; fast_val excluded,absent
runs/thebe_spatial_v3_unet_lg_b30,runs/thebe_spatial_v3_unet_lg_b30/history.json,/hdd1/hukaixiao/projects/faultsyn3d/data/thebe_spatial_v3,9,9.0,100,0.2954398853075918,9,0.3712574726100832,0.5912839343148814,unet_maxvit3d,6098751,f8063803bc0db36222cad249d0a181603baa7dc74889ce5d1262999a2b889761,full_val; fast_val excluded,absent
runs/thebe_spatial_v3_vsssam_tiny,runs/thebe_spatial_v3_vsssam_tiny/history.json,/hdd1/hukaixiao/projects/faultsyn3d/data/thebe_spatial_v3,13,13.0,100,0.32871432600257044,9,0.46868071795040084,0.5239699151012208,vss_sam3d,17777585,f8063803bc0db36222cad249d0a181603baa7dc74889ce5d1262999a2b889761,full_val; fast_val excluded,absent
runs/thebe_spatial_v3fg_maxvit_tiny,runs/thebe_spatial_v3fg_maxvit_tiny/history.json,/hdd1/hukaixiao/projects/faultsyn3d/data/thebe_spatial_v3,5,5.0,100,0.2331774405712112,5,0.350769616690196,0.41022182875712276,maxvit3d,40164233,f8063803bc0db36222cad249d0a181603baa7dc74889ce5d1262999a2b889761,full_val; fast_val excluded,absent
runs/thebe_spatial_v3fg_unet_l,runs/thebe_spatial_v3fg_unet_l/history.json,/hdd1/hukaixiao/projects/faultsyn3d/data/thebe_spatial_v3,2,2.0,100,0.09091914750652234,2,0.10567409910733232,0.3943642965470486,unet3d,9643495,f8063803bc0db36222cad249d0a181603baa7dc74889ce5d1262999a2b889761,full_val; fast_val excluded,absent
runs/thebe_v3_semi/_aborted_batch6_sup_2ep,runs/thebe_v3_semi/_aborted_batch6_sup_2ep/history.json,/hdd1/hukaixiao/projects/faultsyn3d/data/thebe_spatial_v3,2,2.0,60,0.05465157422720055,2,0.06440049214693777,0.2652588184904669,maxvit3d,40164233,f8063803bc0db36222cad249d0a181603baa7dc74889ce5d1262999a2b889761,full_val; fast_val excluded,absent
runs/thebe_v3_semi/maxvit_tiny_lab10_sup,runs/thebe_v3_semi/maxvit_tiny_lab10_sup/history.json,/hdd1/hukaixiao/projects/faultsyn3d/data/thebe_spatial_v3,10,10.0,60,0.08649855984942446,9,0.16410492161029544,0.15462585681390822,maxvit3d,40164233,f8063803bc0db36222cad249d0a181603baa7dc74889ce5d1262999a2b889761,full_val; fast_val excluded,absent
runs/unet3d_v1,runs/unet3d_v1/log.csv,data/dataset_v1_parts,60,60.0,60,0.5176,55,0.5339,0.9441,unet3d,,,val_iou from CSV; checkpoint selection may instead use val_loss,absent
runs/unet3d_v2,runs/unet3d_v2/log.csv,data/dataset_reproduction_v2,58,58.0,60,0.7019,46,0.7239,0.9585,unet3d,,4caf323f71699d3195906146d8af908023d1ebf48f6070521a3d39a317105570,val_iou from CSV; checkpoint selection may instead use val_loss,unverified provenance; do not treat as in-domain automatically
runs/unet3d_v2_n200,runs/unet3d_v2_n200/log.csv,data/dataset_reproduction_v2,60,60.0,60,0.5197,51,0.5324,0.9559,unet3d,,4caf323f71699d3195906146d8af908023d1ebf48f6070521a3d39a317105570,val_iou from CSV; checkpoint selection may instead use val_loss,absent
runs/unet3d_v2_n400,runs/unet3d_v2_n400/log.csv,data/dataset_reproduction_v2,60,60.0,60,0.626,50,0.6437,0.9579,unet3d,,4caf323f71699d3195906146d8af908023d1ebf48f6070521a3d39a317105570,val_iou from CSV; checkpoint selection may instead use val_loss,absent
runs/unet3d_v2_oldrecipe,runs/unet3d_v2_oldrecipe/log.csv,data/dataset_reproduction_v2,200,200.0,200,0.8073,190,0.8886,0.8981,unet3d,,4caf323f71699d3195906146d8af908023d1ebf48f6070521a3d39a317105570,val_iou from CSV; checkpoint selection may instead use val_loss,unverified provenance; do not treat as in-domain automatically
runs/unet3d_v2_oldrecipe_cont,runs/unet3d_v2_oldrecipe_cont/log.csv,data/dataset_reproduction_v2,0,0,150,,,,,unet3d,,4caf323f71699d3195906146d8af908023d1ebf48f6070521a3d39a317105570,val_iou from CSV; checkpoint selection may instead use val_loss,absent
runs/unet_grid_smoke_20260916,runs/unet_grid_smoke_20260916/log.csv,data/dataset_reproduction_v2,1,1.0,200,0.03667268568537152,1,0.036969406456740087,0.8204400053286718,unet_grid3d,10785202,4caf323f71699d3195906146d8af908023d1ebf48f6070521a3d39a317105570,val_iou from CSV; checkpoint selection may instead use val_loss,absent
runs/upgrade_smoke_combined_20260916,runs/upgrade_smoke_combined_20260916/log.csv,data/dataset_reproduction_v2,0,0,40,,,,,combined,40233171,,val_iou from CSV; checkpoint selection may instead use val_loss,absent
runs/upgrade_smoke_ddp_20260916,runs/upgrade_smoke_ddp_20260916/log.csv,data/dataset_reproduction_v2,0,0,20,,,,,combined,40233171,8255016ce917b483cda0dc3471b5e984f086b23184965082bff4cee44a632af3,val_iou from CSV; checkpoint selection may instead use val_loss,absent
